package	import
pkg/autocomplete	context
pkg/autocomplete	github.com/charmbracelet/bubbles/textinput
pkg/autocomplete	github.com/charmbracelet/bubbletea
pkg/autocomplete	github.com/go-go-golems/bobatea/pkg/autocomplete
pkg/autocomplete	github.com/go-go-golems/bobatea/pkg/listbox
pkg/autocomplete	github.com/stretchr/testify/assert
pkg/autocomplete	testing
pkg/autocomplete	time
pkg/buttons	github.com/charmbracelet/bubbles/key
pkg/buttons	github.com/charmbracelet/bubbletea
pkg/buttons	github.com/charmbracelet/lipgloss
pkg/chat	context
pkg/chat	errors
pkg/chat	fmt
pkg/chat	github.com/atotto/clipboard
pkg/chat	github.com/charmbracelet/bubbles/help
pkg/chat	github.com/charmbracelet/bubbles/key
pkg/chat	github.com/charmbracelet/bubbletea
pkg/chat	github.com/charmbracelet/lipgloss
pkg/chat	github.com/go-go-golems/bobatea/pkg/filepicker
pkg/chat	github.com/go-go-golems/bobatea/pkg/mode-keymap
pkg/chat	github.com/go-go-golems/bobatea/pkg/textarea
pkg/chat	github.com/go-go-golems/bobatea/pkg/timeline
pkg/chat	github.com/go-go-golems/bobatea/pkg/timeline/renderers
pkg/chat	github.com/google/uuid
pkg/chat	github.com/muesli/reflow/wordwrap
pkg/chat	github.com/pkg/errors
pkg/chat	github.com/rs/zerolog/log
pkg/chat	golang.org/x/sys/windows
pkg/chat	io
pkg/chat	os
pkg/chat	strings
pkg/chat	sync/atomic
pkg/chat	time
pkg/commandpalette	github.com/charmbracelet/bubbletea
pkg/commandpalette	github.com/charmbracelet/lipgloss
pkg/commandpalette	github.com/sahilm/fuzzy
pkg/commandpalette	strings
pkg/diff	fmt
pkg/diff	github.com/charmbracelet/bubbles/key
pkg/diff	github.com/charmbracelet/bubbles/list
pkg/diff	github.com/charmbracelet/bubbles/textinput
pkg/diff	github.com/charmbracelet/bubbles/viewport
pkg/diff	github.com/charmbracelet/bubbletea
pkg/diff	github.com/charmbracelet/lipgloss
pkg/diff	sort
pkg/diff	strconv
pkg/diff	strings
pkg/eventbus	context
pkg/eventbus	github.com/ThreeDotsLabs/watermill
pkg/eventbus	github.com/ThreeDotsLabs/watermill/message
pkg/eventbus	github.com/ThreeDotsLabs/watermill/pubsub/gochannel
pkg/eventbus	sync
pkg/filepicker	bufio
pkg/filepicker	fmt
pkg/filepicker	github.com/charmbracelet/bubbles/help
pkg/filepicker	github.com/charmbracelet/bubbles/key
pkg/filepicker	github.com/charmbracelet/bubbles/textinput
pkg/filepicker	github.com/charmbracelet/bubbletea
pkg/filepicker	github.com/charmbracelet/lipgloss
pkg/filepicker	io
pkg/filepicker	os
pkg/filepicker	path/filepath
pkg/filepicker	sort
pkg/filepicker	strings
pkg/filepicker	testing
pkg/filepicker	time
pkg/listbox	github.com/charmbracelet/bubbletea
pkg/listbox	github.com/go-go-golems/bobatea/pkg/listbox
pkg/listbox	github.com/mattn/go-runewidth
pkg/listbox	github.com/stretchr/testify/assert
pkg/listbox	strings
pkg/listbox	testing
pkg/logutil	github.com/rs/zerolog
pkg/logutil	github.com/rs/zerolog/log
pkg/logutil	io
pkg/logutil	os
pkg/mode-keymap	github.com/charmbracelet/bubbles/key
pkg/mode-keymap	github.com/stretchr/testify/assert
pkg/mode-keymap	reflect
pkg/mode-keymap	strings
pkg/mode-keymap	testing
pkg/overlay	bytes
pkg/overlay	github.com/charmbracelet/lipgloss
pkg/overlay	github.com/mattn/go-runewidth
pkg/overlay	github.com/muesli/ansi
pkg/overlay	github.com/muesli/reflow/truncate
pkg/overlay	github.com/muesli/termenv
pkg/overlay	math
pkg/overlay	strconv
pkg/overlay	strings
pkg/repl	charm.land/lipgloss/v2
pkg/repl	context
pkg/repl	encoding/json
pkg/repl	fmt
pkg/repl	github.com/ThreeDotsLabs/watermill
pkg/repl	github.com/ThreeDotsLabs/watermill/message
pkg/repl	github.com/charmbracelet/bubbles/cursor
pkg/repl	github.com/charmbracelet/bubbles/help
pkg/repl	github.com/charmbracelet/bubbles/key
pkg/repl	github.com/charmbracelet/bubbles/textinput
pkg/repl	github.com/charmbracelet/bubbletea
pkg/repl	github.com/charmbracelet/lipgloss
pkg/repl	github.com/go-go-golems/bobatea/pkg/autocomplete
pkg/repl	github.com/go-go-golems/bobatea/pkg/commandpalette
pkg/repl	github.com/go-go-golems/bobatea/pkg/eventbus
pkg/repl	github.com/go-go-golems/bobatea/pkg/mode-keymap
pkg/repl	github.com/go-go-golems/bobatea/pkg/repl
pkg/repl	github.com/go-go-golems/bobatea/pkg/repl/evaluators/javascript
pkg/repl	github.com/go-go-golems/bobatea/pkg/timeline
pkg/repl	github.com/go-go-golems/bobatea/pkg/timeline/renderers
pkg/repl	github.com/go-go-golems/bobatea/pkg/tui/inputhistory
pkg/repl	github.com/go-go-golems/bobatea/pkg/tui/widgets/contextbar
pkg/repl	github.com/go-go-golems/bobatea/pkg/tui/widgets/contextpanel
pkg/repl	github.com/go-go-golems/bobatea/pkg/tui/widgets/suggest
pkg/repl	github.com/rs/zerolog/log
pkg/repl	github.com/stretchr/testify/assert
pkg/repl	github.com/stretchr/testify/require
pkg/repl	strconv
pkg/repl	strings
pkg/repl	sync
pkg/repl	testing
pkg/repl	time
pkg/repl/evaluators/javascript	context
pkg/repl/evaluators/javascript	fmt
pkg/repl/evaluators/javascript	github.com/dop251/goja
pkg/repl/evaluators/javascript	github.com/go-go-golems/bobatea/pkg/autocomplete
pkg/repl/evaluators/javascript	github.com/go-go-golems/bobatea/pkg/repl
pkg/repl/evaluators/javascript	github.com/go-go-golems/bobatea/pkg/repl/evaluators/javascript
pkg/repl/evaluators/javascript	github.com/go-go-golems/go-go-goja/engine
pkg/repl/evaluators/javascript	github.com/go-go-golems/go-go-goja/pkg/jsparse
pkg/repl/evaluators/javascript	github.com/pkg/errors
pkg/repl/evaluators/javascript	github.com/stretchr/testify/assert
pkg/repl/evaluators/javascript	github.com/stretchr/testify/require
pkg/repl/evaluators/javascript	log
pkg/repl/evaluators/javascript	sort
pkg/repl/evaluators/javascript	strings
pkg/repl/evaluators/javascript	sync
pkg/repl/evaluators/javascript	testing
pkg/sparkline	fmt
pkg/sparkline	github.com/charmbracelet/bubbletea
pkg/sparkline	github.com/charmbracelet/lipgloss
pkg/sparkline	math
pkg/sparkline	strings
pkg/sparkline	testing
pkg/sparkline	unicode/utf8
pkg/textarea	crypto/sha256
pkg/textarea	fmt
pkg/textarea	github.com/atotto/clipboard
pkg/textarea	github.com/charmbracelet/bubbles/cursor
pkg/textarea	github.com/charmbracelet/bubbles/key
pkg/textarea	github.com/charmbracelet/bubbles/runeutil
pkg/textarea	github.com/charmbracelet/bubbles/viewport
pkg/textarea	github.com/charmbracelet/bubbletea
pkg/textarea	github.com/charmbracelet/lipgloss
pkg/textarea	github.com/go-go-golems/bobatea/pkg/textarea/memoization
pkg/textarea	github.com/mattn/go-runewidth
pkg/textarea	strings
pkg/textarea	testing
pkg/textarea	unicode
pkg/textarea/memoization	container/list
pkg/textarea/memoization	crypto/sha256
pkg/textarea/memoization	encoding/binary
pkg/textarea/memoization	fmt
pkg/textarea/memoization	os
pkg/textarea/memoization	sync
pkg/textarea/memoization	testing
pkg/timeline	encoding/json
pkg/timeline	fmt
pkg/timeline	github.com/ThreeDotsLabs/watermill/message
pkg/timeline	github.com/charmbracelet/bubbles/viewport
pkg/timeline	github.com/charmbracelet/bubbletea
pkg/timeline	github.com/go-go-golems/bobatea/pkg/eventbus
pkg/timeline	github.com/rs/zerolog/log
pkg/timeline	strings
pkg/timeline	sync
pkg/timeline	time
pkg/timeline/chatstyle	fmt
pkg/timeline/chatstyle	github.com/charmbracelet/lipgloss
pkg/timeline/chatstyle	strings
pkg/timeline/renderers	encoding/json
pkg/timeline/renderers	fmt
pkg/timeline/renderers	github.com/charmbracelet/bubbletea
pkg/timeline/renderers	github.com/charmbracelet/glamour
pkg/timeline/renderers	github.com/charmbracelet/lipgloss
pkg/timeline/renderers	github.com/go-go-golems/bobatea/pkg/timeline
pkg/timeline/renderers	github.com/go-go-golems/bobatea/pkg/timeline/chatstyle
pkg/timeline/renderers	github.com/go-go-golems/geppetto/pkg/events
pkg/timeline/renderers	github.com/muesli/termenv
pkg/timeline/renderers	github.com/rs/zerolog/log
pkg/timeline/renderers	golang.org/x/term
pkg/timeline/renderers	golang.org/x/text/cases
pkg/timeline/renderers	golang.org/x/text/language
pkg/timeline/renderers	gopkg.in/yaml.v3
pkg/timeline/renderers	math
pkg/timeline/renderers	os
pkg/timeline/renderers	regexp
pkg/timeline/renderers	sort
pkg/timeline/renderers	strings
pkg/timeline/renderers	time
pkg/timeline/renderers	unicode
pkg/tui/asyncprovider	context
pkg/tui/asyncprovider	errors
pkg/tui/asyncprovider	fmt
pkg/tui/asyncprovider	github.com/rs/zerolog/log
pkg/tui/asyncprovider	github.com/stretchr/testify/assert
pkg/tui/asyncprovider	github.com/stretchr/testify/require
pkg/tui/asyncprovider	runtime/debug
pkg/tui/asyncprovider	strings
pkg/tui/asyncprovider	testing
pkg/tui/asyncprovider	time
pkg/tui/inputhistory	slices
pkg/tui/inputhistory	testing
pkg/tui/widgets/contextbar	context
pkg/tui/widgets/contextbar	github.com/charmbracelet/bubbletea
pkg/tui/widgets/contextbar	github.com/go-go-golems/bobatea/pkg/tui/asyncprovider
pkg/tui/widgets/contextbar	github.com/stretchr/testify/assert
pkg/tui/widgets/contextbar	github.com/stretchr/testify/require
pkg/tui/widgets/contextbar	strings
pkg/tui/widgets/contextbar	testing
pkg/tui/widgets/contextbar	time
pkg/tui/widgets/contextpanel	context
pkg/tui/widgets/contextpanel	fmt
pkg/tui/widgets/contextpanel	github.com/charmbracelet/bubbletea
pkg/tui/widgets/contextpanel	github.com/charmbracelet/lipgloss
pkg/tui/widgets/contextpanel	github.com/go-go-golems/bobatea/pkg/tui/asyncprovider
pkg/tui/widgets/contextpanel	github.com/stretchr/testify/assert
pkg/tui/widgets/contextpanel	github.com/stretchr/testify/require
pkg/tui/widgets/contextpanel	strings
pkg/tui/widgets/contextpanel	testing
pkg/tui/widgets/contextpanel	time
pkg/tui/widgets/suggest	context
pkg/tui/widgets/suggest	github.com/charmbracelet/bubbletea
pkg/tui/widgets/suggest	github.com/charmbracelet/lipgloss
pkg/tui/widgets/suggest	github.com/go-go-golems/bobatea/pkg/autocomplete
pkg/tui/widgets/suggest	github.com/go-go-golems/bobatea/pkg/tui/asyncprovider
pkg/tui/widgets/suggest	github.com/mattn/go-runewidth
pkg/tui/widgets/suggest	github.com/stretchr/testify/assert
pkg/tui/widgets/suggest	github.com/stretchr/testify/require
pkg/tui/widgets/suggest	strings
pkg/tui/widgets/suggest	testing
pkg/tui/widgets/suggest	time
